/home/ntd/Train-OCR/dataset/train/4101_106b7dd9daf54288b99312e192305a95.jpg,4101
/home/ntd/Train-OCR/dataset/train/443870_0ba62155540d4864ab80a9242a2d19fa.jpg,443870
/home/ntd/Train-OCR/dataset/train/443950_d747163074384feb96fdeee9999fd283.jpg,443950
/home/ntd/Train-OCR/dataset/train/6403_10aee016710f45fdba28161537eb138a.jpg,6403
/home/ntd/Train-OCR/dataset/train/4405_998339c3b06e4ee0a8337159cb6be06f.jpg,4405
/home/ntd/Train-OCR/dataset/train/443950_7bf16bc523f749a6a084873bc5e93a38.jpg,443950
/home/ntd/Train-OCR/dataset/train/6405_cd687954d3a54ba6b17d429d06a1a8a0.jpg,6405
/home/ntd/Train-OCR/dataset/train/443950_99cfecac890a422cb6aec70b990a980a.jpg,443950
/home/ntd/Train-OCR/dataset/train/2304_a9f5646bd3834cc68aabf4da7e64dbb6.jpg,2304
/home/ntd/Train-OCR/dataset/train/443950_af3681bbf7d4412b8f56efc60675b295.jpg,443950
/home/ntd/Train-OCR/dataset/train/443950_8bc726f9d2ad4dcbbc10ae48023d39fc.jpg,443950
/home/ntd/Train-OCR/dataset/train/4304_082fb11ba6e0463bb3b01c19e2d6a50d.jpg,4304
/home/ntd/Train-OCR/dataset/train/6301_fc7873625fe340e182ea30337bca3cbb.jpg,6301
/home/ntd/Train-OCR/dataset/train/443950_cd39b2a9c5084f938f2656b401216685.jpg,443950
/home/ntd/Train-OCR/dataset/train/443950_d629782737d64a45a98be1973bcb605b.jpg,443950
/home/ntd/Train-OCR/dataset/train/2203_8ad1d8fc8a4d40a9bc5a9b9d4fb7d587.jpg,2203
/home/ntd/Train-OCR/dataset/train/6303_77ae4e5db3544c0b82d25fa55f42fff4.jpg,6303
/home/ntd/Train-OCR/dataset/train/443950_0997a3df31e944c69d43b34beea7b643.jpg,443950
/home/ntd/Train-OCR/dataset/train/443950_fa9278df25314f75b84bf60dd23780ed.jpg,443950
/home/ntd/Train-OCR/dataset/train/2205_849b3048b6d6478d889091bd3a6f3ebe.jpg,2205
/home/ntd/Train-OCR/dataset/train/6305_8a04695df7e84ecb890f17a51e470efe.jpg,6305
/home/ntd/Train-OCR/dataset/train/443950_20efc3c7c9f340dc843f446fabf79ff9.jpg,443950
/home/ntd/Train-OCR/dataset/train/443950_0ff83ccb38a84c9a972f79e2c8e6af0b.jpg,443950
/home/ntd/Train-OCR/dataset/train/0302_0530e257894147a5a546303fb5abd940.jpg,0302
/home/ntd/Train-OCR/dataset/train/6202_a1818ad9f55647a595f9380a38176faa.jpg,6202
/home/ntd/Train-OCR/dataset/train/443950_6d42532fc89e424e9b33f1ab15079faf.jpg,443950
/home/ntd/Train-OCR/dataset/train/443950_7cd07a416b1446299af567d33d4b5fa9.jpg,443950
/home/ntd/Train-OCR/dataset/train/0304_f0863e4f54004cc9a718ff1ca3c40606.jpg,0304
/home/ntd/Train-OCR/dataset/train/6204_8ef810b3dfde4009b385d8969b84552c.jpg,6204
/home/ntd/Train-OCR/dataset/train/443950_a6938c39bb274f2e8df86993de7f5f44.jpg,443950
/home/ntd/Train-OCR/dataset/train/0201_34d88c2c27024c94a28602e6f047239f.jpg,0201
/home/ntd/Train-OCR/dataset/train/443950_82c0eed7019d48d6a00de0ba8f5b0b75.jpg,443950
/home/ntd/Train-OCR/dataset/train/6101_d1fca61d627b446bb7500504bf63b4db.jpg,6101
/home/ntd/Train-OCR/dataset/train/443950_e0663998f3b24896a1dea93bdfc65269.jpg,443950
/home/ntd/Train-OCR/dataset/train/443950_258da92c88e743d2babffceb9076ae39.jpg,443950
/home/ntd/Train-OCR/dataset/train/0204_d7a92a0972b848dc8c46f03c19d78db6.jpg,0204
/home/ntd/Train-OCR/dataset/train/6104_ed7f286d2c3d4760ae7c0a761a89d237.jpg,6104
/home/ntd/Train-OCR/dataset/train/443950_b4f0584512c3429a97d1c70c34f6ac7b.jpg,443950
/home/ntd/Train-OCR/dataset/train/443950_529863953ad64c138e526f3f4626d959.jpg,443950
/home/ntd/Train-OCR/dataset/train/0203_9d0877edbf3840d0855dbda4aff71e80.jpg,0203
/home/ntd/Train-OCR/dataset/train/6103_a73c03f5db9e48f28c1c8f9f215861a7.jpg,6103
/home/ntd/Train-OCR/dataset/train/443950_26ab1a0178e843bcb1fe8d0110996e90.jpg,443950
/home/ntd/Train-OCR/dataset/train/443950_2b866308642044d9bbf135dad460c83f.jpg,443950
/home/ntd/Train-OCR/dataset/train/0102_b6a1cc699e694a88983dc201af26761f.jpg,0102
/home/ntd/Train-OCR/dataset/train/0105_529157c1f9704b0398d67404c9b5eaf5.jpg,0105
/home/ntd/Train-OCR/dataset/train/443950_abf2109c3a6f49bd921d5c35290799a7.jpg,443950
/home/ntd/Train-OCR/dataset/train/4205_a0d8ed293a404be2bf28cf493e266f29.jpg,4205
/home/ntd/Train-OCR/dataset/train/443950_94f206761edc4cfdb758e2cb8f7f2a3f.jpg,443950
/home/ntd/Train-OCR/dataset/train/443950_5daea9c1bac049218ef44e29f53f3251.jpg,443950
/home/ntd/Train-OCR/dataset/train/2101_9182832980cd442b95d2ebe47b24ead7.jpg,2101
/home/ntd/Train-OCR/dataset/train/4101_2ff81a9070de4d0ca9195c65a00b1d21.jpg,4101
/home/ntd/Train-OCR/dataset/train/443950_316c47e6f6a8428cbd00cb0a45a87b96.jpg,443950
/home/ntd/Train-OCR/dataset/train/2103_d377a38051054ecc95b2ce7142f44282.jpg,2103
/home/ntd/Train-OCR/dataset/train/443950_dc6b6ec38ca2459a91b175c488940fb7.jpg,443950
/home/ntd/Train-OCR/dataset/train/0302_331dfda33fd14bc1a8c3645baadd7811.jpg,0302
/home/ntd/Train-OCR/dataset/train/443960_932a48c8dd7f45ee9bfb569026e8d705.jpg,443960
/home/ntd/Train-OCR/dataset/train/4202_054e8ecf3cbb4d188c296bf163a50d69.jpg,4202
/home/ntd/Train-OCR/dataset/train/443960_ddbfaa86df8544ed8d82d65be64604cb.jpg,443960
/home/ntd/Train-OCR/dataset/train/443960_741ac1bcdb4c4dc49d72a49e86168999.jpg,443960
/home/ntd/Train-OCR/dataset/train/0304_e873447444d941218779dba09ebf9afc.jpg,0304
/home/ntd/Train-OCR/dataset/train/443940_00070e441bb14e9f9d4b753cc9f5000f.jpg,443940
/home/ntd/Train-OCR/dataset/train/6202_835b06e3dc28439e96c1a25b5116d460.jpg,6202
/home/ntd/Train-OCR/dataset/train/443940_cc2a3ea9ce784643a6b3e1bb64da0a0d.jpg,443940
/home/ntd/Train-OCR/dataset/train/0304_dec4c97b95bc4768bba7062908995248.jpg,0304
/home/ntd/Train-OCR/dataset/train/6204_fc64608ed48a4297bafc356ee0ef105e.jpg,6204
/home/ntd/Train-OCR/dataset/train/443940_91a8352b18f54cb582b3365c2914c1ac.jpg,443940
/home/ntd/Train-OCR/dataset/train/0201_eee46ee6f2f943ff85b82f509e5b9d40.jpg,0201
/home/ntd/Train-OCR/dataset/train/443940_0dff358290664e6bb1efdf098fbf7b0f.jpg,443940
/home/ntd/Train-OCR/dataset/train/6104_6fc8cb720c4e4fcdae7030eb085494cb.jpg,6104
/home/ntd/Train-OCR/dataset/train/443940_49447e221487468e90dddef8b818bf1f.jpg,443940
/home/ntd/Train-OCR/dataset/train/0203_6ff4a9e4f9d5482ab61e74a6da7795d8.jpg,0203
/home/ntd/Train-OCR/dataset/train/443940_04ce32d0e0e44226b5a18eedd24a3083.jpg,443940
/home/ntd/Train-OCR/dataset/train/6103_2e0c5e0a10b1468487ec07b674688154.jpg,6103
/home/ntd/Train-OCR/dataset/train/443940_838944db1c244984922ab569622fd0aa.jpg,443940
/home/ntd/Train-OCR/dataset/train/443940_89848f4e4b724996b319a03996373652.jpg,443940
/home/ntd/Train-OCR/dataset/train/0205_fbd2adb324d14a7e86b2204fd3ad93a2.jpg,0205
/home/ntd/Train-OCR/dataset/train/6105_0c6e53e304044d72948db507afebcc7a.jpg,6105
/home/ntd/Train-OCR/dataset/train/443940_1d7a6db0171a450f86680b8bb73afe26.jpg,443940
/home/ntd/Train-OCR/dataset/train/0102_c708527e811047b3b00ab590f696e56c.jpg,0102
/home/ntd/Train-OCR/dataset/train/443940_6a2bad98a7d941e4aacc43bdf3dbe0e1.jpg,443940
/home/ntd/Train-OCR/dataset/train/4202_0beef13421244661baac0b91c9afcc0d.jpg,4202
/home/ntd/Train-OCR/dataset/train/443940_9f35e63b7b734483b576137a1f1e06ce.jpg,443940
/home/ntd/Train-OCR/dataset/train/0104_5aa2902b11c74607bc3be406f9fb0d03.jpg,0104
/home/ntd/Train-OCR/dataset/train/443940_39bbdda26c664b76ac7fd739d9a1a4c7.jpg,443940
/home/ntd/Train-OCR/dataset/train/4204_98a767d6467f42609c35c35249df636f.jpg,4204
/home/ntd/Train-OCR/dataset/train/443940_ec16603af0824a83b474b1fa6a1c1f4f.jpg,443940
/home/ntd/Train-OCR/dataset/train/2101_3db76a0394d54fb59c4fc5babdb3b07e.jpg,2101
/home/ntd/Train-OCR/dataset/train/443940_27b4cb69f3a34650aac661e5dc705459.jpg,443940
/home/ntd/Train-OCR/dataset/train/4101_36816a996ede452db54203afff4e6022.jpg,4101
/home/ntd/Train-OCR/dataset/train/443940_3271b39ad516485e89f6fdb24e84bd79.jpg,443940
/home/ntd/Train-OCR/dataset/train/2103_58d7a0e9669e4d3cb1ef9e3a27dd56c2.jpg,2103
/home/ntd/Train-OCR/dataset/train/443940_e086f7e872504fe2af98b0b40a931da9.jpg,443940
/home/ntd/Train-OCR/dataset/train/4103_55ace281c6e84284ba0d0f17ed36151c.jpg,4103
/home/ntd/Train-OCR/dataset/train/443940_ac7bd39a67394b7980b464ffd9a43156.jpg,443940
/home/ntd/Train-OCR/dataset/train/2105_bb3266fb8bc0461e871de537087c514d.jpg,2105
/home/ntd/Train-OCR/dataset/train/443940_b0ef03c4c806417d87937a41595ae242.jpg,443940
/home/ntd/Train-OCR/dataset/train/4105_f5c0815255954175be9cb30be6cead7f.jpg,4105
/home/ntd/Train-OCR/dataset/train/443940_23e4e5bb0ec74f45a3db6a53c2f94ecf.jpg,443940
/home/ntd/Train-OCR/dataset/train/2402_163f05f13def4055a1aa06a9cc61cb3b.jpg,2402
/home/ntd/Train-OCR/dataset/train/443930_026e3196d565401c8579f2d51ad4259b.jpg,443930
/home/ntd/Train-OCR/dataset/train/443930_845b82c6f24341d1b3603b3e5eeb159b.jpg,443930
/home/ntd/Train-OCR/dataset/train/4402_fc195ab1c6c6400d86c9fd4faa11ee07.jpg,4402
/home/ntd/Train-OCR/dataset/train/443930_634a3fe08ef64d0fa7476c527e9c0c88.jpg,443930
/home/ntd/Train-OCR/dataset/train/2404_baba2612ed814fa88db685ea1cde4636.jpg,2404
/home/ntd/Train-OCR/dataset/train/4404_bde7370e6bcd4b2e9039dc38c24388a8.jpg,4404
/home/ntd/Train-OCR/dataset/train/443930_800b9f7e026943448f97731baac02553.jpg,443930
/home/ntd/Train-OCR/dataset/train/0401_c1b54efe670c4d54a1455fa75365acdf.jpg,0401
/home/ntd/Train-OCR/dataset/train/443930_ebd426060405400fb4c9cb5b59bcae45.jpg,443930
/home/ntd/Train-OCR/dataset/train/6401_b254e4f8f8b94b7d9ac35c030d14dd3b.jpg,6401
/home/ntd/Train-OCR/dataset/train/443930_1e024e8c0abc4ec4b4d2a05b4b073b6b.jpg,443930
/home/ntd/Train-OCR/dataset/train/443930_dc1a38821e63442689485b7edaf9d870.jpg,443930
/home/ntd/Train-OCR/dataset/train/0403_ded09e5d48df4895b9001776451d06fa.jpg,0403
/home/ntd/Train-OCR/dataset/train/443930_21b39e34ad4c4675b164b8847e478b58.jpg,443930
/home/ntd/Train-OCR/dataset/train/6403_5512df87b2e2416ba021d813e1f06458.jpg,6403
/home/ntd/Train-OCR/dataset/train/443930_463a26380ae8491ab310bea350522e31.jpg,443930
/home/ntd/Train-OCR/dataset/train/0405_6bbd18b6e84142709bd6b21b4af2a3c4.jpg,0405
/home/ntd/Train-OCR/dataset/train/443930_26aeeac2bcda42bdb92dd4f637ef1252.jpg,443930
/home/ntd/Train-OCR/dataset/train/6405_3d0763d74b264e6eb8e74a28d72f9160.jpg,6405
/home/ntd/Train-OCR/dataset/train/2302_9026b645388945d5af33d1cdc9059bc3.jpg,2302
/home/ntd/Train-OCR/dataset/train/443930_47c915182fc04baab9bac1ff952758d2.jpg,443930
/home/ntd/Train-OCR/dataset/train/4302_9dc82b648eeb4f2db5f11aecec9392d7.jpg,4302
/home/ntd/Train-OCR/dataset/train/443930_78359f81d1b04a4abcff2275d21a8262.jpg,443930
/home/ntd/Train-OCR/dataset/train/4304_4ffa33792ae7410f805da580391ce479.jpg,4304
/home/ntd/Train-OCR/dataset/train/443930_3500df751c1e474286ea5fdb5e44f966.jpg,443930
/home/ntd/Train-OCR/dataset/train/6301_5906f94da53a4eac91d44973c004116e.jpg,6301
/home/ntd/Train-OCR/dataset/train/443930_918358dffcf74b6d9bc2f033b190ea56.jpg,443930
/home/ntd/Train-OCR/dataset/train/6303_7cbbf5f0a4f840c4900ccbf75f2ddb24.jpg,6303
/home/ntd/Train-OCR/dataset/train/443930_99be83e0789f4ccbb2f0345325a9956e.jpg,443930
/home/ntd/Train-OCR/dataset/train/2205_eae31707799c4b258589123f6b180a7a.jpg,2205
/home/ntd/Train-OCR/dataset/train/443930_75d249efa794483b8cd37d1d7dcb930f.jpg,443930
/home/ntd/Train-OCR/dataset/train/443930_ba03b017fbc74fc98dbbef7abb96c5d2.jpg,443930
/home/ntd/Train-OCR/dataset/train/6305_87a2a111a94e441994305f61931b8862.jpg,6305
/home/ntd/Train-OCR/dataset/train/0302_e5d8b6c1ee3e499ba2618862ae528b3f.jpg,0302
/home/ntd/Train-OCR/dataset/train/443930_ae2f2379835f4fe9bb37216ed8265532.jpg,443930
/home/ntd/Train-OCR/dataset/train/6202_84c11fc26359440880745bc6deffd824.jpg,6202
/home/ntd/Train-OCR/dataset/train/443930_73087eae946f4e039604d91d53941067.jpg,443930
/home/ntd/Train-OCR/dataset/train/4103_c6fb5605acff4e5495a7060cc70fcd03.jpg,4103
/home/ntd/Train-OCR/dataset/train/443950_191a5fb7fede45d789816808d1f60fb6.jpg,443950
/home/ntd/Train-OCR/dataset/train/2105_415a3669b50d4c6d8ef3a3fa95899431.jpg,2105
/home/ntd/Train-OCR/dataset/train/443950_2bb24f19321e4e759cbc5e8b1ce7b970.jpg,443950
/home/ntd/Train-OCR/dataset/train/443950_e68bf3d7e8cf4a0297570a128e5dc570.jpg,443950
/home/ntd/Train-OCR/dataset/train/4105_f804dc14d9924dd7ab2a512942892d2f.jpg,4105
/home/ntd/Train-OCR/dataset/train/443940_e2b54372c419449cbc835a275264a5f2.jpg,443940
/home/ntd/Train-OCR/dataset/train/6302_275426e414a94b60ba441e5dd30b3327.jpg,6302
/home/ntd/Train-OCR/dataset/train/2302_2450de1511c24e7aade05594e73e6187.jpg,2302
/home/ntd/Train-OCR/dataset/train/443940_e5c29c8dd2fb4607b56cf02b151b9b7f.jpg,443940
/home/ntd/Train-OCR/dataset/train/6305_9beb9ccb21644cbcb2ff57733185b4a9.jpg,6305
/home/ntd/Train-OCR/dataset/train/443940_ad2c6674030945059db82e33ba480282.jpg,443940
/home/ntd/Train-OCR/dataset/train/2201_6efe75cae6f3434d9dd33d9cea01d438.jpg,2201
/home/ntd/Train-OCR/dataset/train/443940_a0b062372fac46f78edd9082a9a18fe3.jpg,443940
/home/ntd/Train-OCR/dataset/train/443940_bb8b7e9a543e4f2489dc4e9fec8bea57.jpg,443940
/home/ntd/Train-OCR/dataset/train/4301_10a01db909b444ae8132872b8f1cc2cf.jpg,4301
/home/ntd/Train-OCR/dataset/train/2203_829aab8950c64ab89b40ce61f46f2cb3.jpg,2203
/home/ntd/Train-OCR/dataset/train/443940_124ca24bf4e748fa8dc8c8c8ad220fee.jpg,443940
/home/ntd/Train-OCR/dataset/train/443940_5abd493202274864a29728d0a300527c.jpg,443940
/home/ntd/Train-OCR/dataset/train/4303_289917b0a2b2470e8ce3b4497ca99502.jpg,4303
/home/ntd/Train-OCR/dataset/train/2205_f6203de60ed34ed6a259e9657f63f298.jpg,2205
/home/ntd/Train-OCR/dataset/train/443940_6e93350c7ec64ffb912b573e62e74be8.jpg,443940
/home/ntd/Train-OCR/dataset/train/4305_de88be511595442bb2eae0a510f829e2.jpg,4305
/home/ntd/Train-OCR/dataset/train/443940_708cac0785394d899872c88b036f1ac0.jpg,443940
/home/ntd/Train-OCR/dataset/train/0302_c6643050e37342c5bf811582926c7d4f.jpg,0302
/home/ntd/Train-OCR/dataset/train/443940_ee0f9b2df6d4462184679202a4562950.jpg,443940
/home/ntd/Train-OCR/dataset/train/2103_cc6cbadac9b248588003f723dc3f41de.jpg,2103
/home/ntd/Train-OCR/dataset/train/443930_01f29204fb824a54baf4d1185122577c.jpg,443930
/home/ntd/Train-OCR/dataset/train/443930_058860ce3def49fda89c53d5ecb8c005.jpg,443930
/home/ntd/Train-OCR/dataset/train/4103_50e4d1f321b4403bb2ab0420de41cf74.jpg,4103
/home/ntd/Train-OCR/dataset/train/443930_8aa65b828b4b485c962ddcfe9dbcea57.jpg,443930
/home/ntd/Train-OCR/dataset/train/2105_1a3bf4937ab44769bbc983458532ee17.jpg,2105
/home/ntd/Train-OCR/dataset/train/4105_23175643495a415aa5b9f3e25981c966.jpg,4105
/home/ntd/Train-OCR/dataset/train/443930_6021bd8a8ab6484192f582e7fe5b722b.jpg,443930
/home/ntd/Train-OCR/dataset/train/443920_fb3a51691b1147eca57a29605a07b340.jpg,443920
/home/ntd/Train-OCR/dataset/train/2302_f39281669f1f421c8453f7525d96af1f.jpg,2302
/home/ntd/Train-OCR/dataset/train/4302_db5f97b041904ec5996b9f22a951804f.jpg,4302
/home/ntd/Train-OCR/dataset/train/443920_0c152c53d4b14354ad598d68aa564737.jpg,443920
/home/ntd/Train-OCR/dataset/train/2304_00998bcaf50b4f849ad3e5e0af12be99.jpg,2304
/home/ntd/Train-OCR/dataset/train/443920_674055f634964e8192d7fa10ef2d0d3d.jpg,443920
/home/ntd/Train-OCR/dataset/train/4304_0c69b64c65db4428aaea399025a5b330.jpg,4304
/home/ntd/Train-OCR/dataset/train/443920_08b7d61ed3184229bf0c411a19700124.jpg,443920
/home/ntd/Train-OCR/dataset/train/2201_dddbf12fd73d48e08644607ccb0f71e5.jpg,2201
/home/ntd/Train-OCR/dataset/train/443920_fd40284bbcab4502b705e08af0f1584e.jpg,443920
/home/ntd/Train-OCR/dataset/train/6301_07a6e61e91c94aa3979482b17dcec567.jpg,6301
/home/ntd/Train-OCR/dataset/train/443920_4f6a9712b4e442dab973cfbf82ca8070.jpg,443920
/home/ntd/Train-OCR/dataset/train/2203_b8b7077226c2420dbb82a6d8c3880849.jpg,2203
/home/ntd/Train-OCR/dataset/train/443920_274c5147bcc1436bbc281cd49beb3fa1.jpg,443920
/home/ntd/Train-OCR/dataset/train/6303_0e2a0faa763b41abb9f6e3392a95fcd9.jpg,6303
/home/ntd/Train-OCR/dataset/train/443920_66f901066d4c48a985a3d2dddd8abbca.jpg,443920
/home/ntd/Train-OCR/dataset/train/443920_c097327e84154343bce2fb2e28cbe10b.jpg,443920
/home/ntd/Train-OCR/dataset/train/2205_973fa87108bf43b5baf560af8735b6a8.jpg,2205
/home/ntd/Train-OCR/dataset/train/443920_90dd228e404b40889936b1b750592b2c.jpg,443920
/home/ntd/Train-OCR/dataset/train/6305_be43bfc0b4b241488afb62a70058fb27.jpg,6305
/home/ntd/Train-OCR/dataset/train/6202_6af34df8790c48c0a23b22cccfcf1ba1.jpg,6202
/home/ntd/Train-OCR/dataset/train/443920_8fed5da3fddc4f1baf8d367bf7ba28b9.jpg,443920
/home/ntd/Train-OCR/dataset/train/443920_f96f2864947342969ac39a89b1ebc2b2.jpg,443920
/home/ntd/Train-OCR/dataset/train/0305_6cf0e0a8e7464926992efb619b447a40.jpg,0305
/home/ntd/Train-OCR/dataset/train/443920_e0232ef4b038414786ac884a4eb8549e.jpg,443920
/home/ntd/Train-OCR/dataset/train/6205_9c6eb8eef62a4d21b9581bc7011fb95d.jpg,6205
/home/ntd/Train-OCR/dataset/train/6101_a883e10a06f848b4bd1172a8b5aeb35e.jpg,6101
/home/ntd/Train-OCR/dataset/train/443920_fa2762cce88b45c0b6eb0b7ac61d373d.jpg,443920
/home/ntd/Train-OCR/dataset/train/0203_4478a11fcdc64532950fc974f7134da6.jpg,0203
/home/ntd/Train-OCR/dataset/train/443920_13022ea63785414697116490556e4869.jpg,443920
/home/ntd/Train-OCR/dataset/train/6103_5026ff9ffc6a45e3a07701b48afcc490.jpg,6103
/home/ntd/Train-OCR/dataset/train/443920_5d9f60bc08d4449093baa7aed39dab58.jpg,443920
/home/ntd/Train-OCR/dataset/train/0205_b19d4baa9e454e7aa129d7d6e6911b63.jpg,0205
/home/ntd/Train-OCR/dataset/train/443920_a88665400c28417d9dbaf65f9f621cab.jpg,443920
/home/ntd/Train-OCR/dataset/train/6105_c1a55bcef71b4754aa8c9775c5ae0a58.jpg,6105
/home/ntd/Train-OCR/dataset/train/443920_f9861e7e8fe145e9810f0d9f7ee5d3e1.jpg,443920
/home/ntd/Train-OCR/dataset/train/0102_747e3360258c40c7bbfce3f3a70023ed.jpg,0102
/home/ntd/Train-OCR/dataset/train/443920_5e6012f316574eda8f0148be5f4cbdbd.jpg,443920
/home/ntd/Train-OCR/dataset/train/443920_5cfcf751697a490ca6588630afc56524.jpg,443920
/home/ntd/Train-OCR/dataset/train/4202_035b1d3bb0164d07a4234d166a9ee570.jpg,4202
/home/ntd/Train-OCR/dataset/train/443920_5ca1cee7470f48c8be724909beed9c3e.jpg,443920
/home/ntd/Train-OCR/dataset/train/0105_f3671b67edcf43b1a579af5bc02d725a.jpg,0105
/home/ntd/Train-OCR/dataset/train/443920_fcc0dc1ab68c41adbe4990324798815d.jpg,443920
/home/ntd/Train-OCR/dataset/train/4205_476de6cb5e774462a81e4e3279f95c66.jpg,4205
/home/ntd/Train-OCR/dataset/train/2101_676ba66a3a2f4c4599f690e794608be0.jpg,2101
/home/ntd/Train-OCR/dataset/train/443920_1b640d5902c34070bdd9a8e5a3b3b5ff.jpg,443920
/home/ntd/Train-OCR/dataset/train/443920_50295e64231940a59c8a5a2b08fbc98b.jpg,443920
/home/ntd/Train-OCR/dataset/train/4101_a6c57c6699f84df7abc92c8d7e2e9608.jpg,4101
/home/ntd/Train-OCR/dataset/train/2103_81e648347ec84a3f9ddf592ed0d8d74e.jpg,2103
/home/ntd/Train-OCR/dataset/train/443920_58d05ea24a9b40e38eff073ed1a64e22.jpg,443920
/home/ntd/Train-OCR/dataset/train/4103_e552a28d667d494b9606b01656dd32c3.jpg,4103
/home/ntd/Train-OCR/dataset/train/443920_2088dfafddd0468fa26a24a5b764b4e0.jpg,443920
/home/ntd/Train-OCR/dataset/train/443920_b6ff9da89bf84af6a398f69bd4a681d1.jpg,443920
/home/ntd/Train-OCR/dataset/train/2105_6b766290a96446a5a507215fe20513bd.jpg,2105
/home/ntd/Train-OCR/dataset/train/4105_b827e3bcdf03402e82831bd081f33365.jpg,4105
/home/ntd/Train-OCR/dataset/train/443920_9919019a9ce14108aede208c3b04a02d.jpg,443920
/home/ntd/Train-OCR/dataset/train/443910_1abf4e50737a421f8f2f579ba58bf3cf.jpg,443910
/home/ntd/Train-OCR/dataset/train/0402_8baa426fd4264ac992db093290fd26ce.jpg,0402
/home/ntd/Train-OCR/dataset/train/2402_7806850453864e92bd3a93db9470413d.jpg,2402
/home/ntd/Train-OCR/dataset/train/443910_6b54f96add694b038bc13f7972408b33.jpg,443910
/home/ntd/Train-OCR/dataset/train/443910_44ab411608f34e758b636ddc1313f9fe.jpg,443910
/home/ntd/Train-OCR/dataset/train/0404_e3d9e66e25b743408cfa8b57399f8d30.jpg,0404
/home/ntd/Train-OCR/dataset/train/2404_3e0791294af749088dc5a0fbb390430b.jpg,2404
/home/ntd/Train-OCR/dataset/train/443910_a8674d09d08641f8a31ed7bae5732094.jpg,443910
/home/ntd/Train-OCR/dataset/train/443910_7fbaec505ec74deea804eb66ca200cbb.jpg,443910
/home/ntd/Train-OCR/dataset/train/6401_a1510ee4ab184019acbe747b2a19abdb.jpg,6401
/home/ntd/Train-OCR/dataset/train/443910_df9b16a4d5d34cd1ad293afaa56dc20c.jpg,443910
/home/ntd/Train-OCR/dataset/train/4401_63542979700d40ef910145b2ee1e3bf1.jpg,4401
/home/ntd/Train-OCR/dataset/train/6403_82b5a0f1e27e4ed5bc034dbba320f58f.jpg,6403
/home/ntd/Train-OCR/dataset/train/443910_19aa5a09051343f2ad9dd697eaf9a853.jpg,443910
/home/ntd/Train-OCR/dataset/train/0304_468f232c05554fdaba694178f76cc87a.jpg,0304
/home/ntd/Train-OCR/dataset/train/443930_bfa08d92e53648149553b3c8729f761a.jpg,443930
/home/ntd/Train-OCR/dataset/train/6204_895e62b00fc44b9696e544c01ddda9a1.jpg,6204
/home/ntd/Train-OCR/dataset/train/443930_b713850094f441f98c6c1bb99d172938.jpg,443930
/home/ntd/Train-OCR/dataset/train/0201_f20af953cf514e3298c3fa3b37f68c43.jpg,0201
/home/ntd/Train-OCR/dataset/train/443930_314c53c50eed452b9e4ad502ca76d13c.jpg,443930
/home/ntd/Train-OCR/dataset/train/6101_7f6d3a2d8ef644559c162da200981ead.jpg,6101
/home/ntd/Train-OCR/dataset/train/443930_5cebebbfb72649f8ba8491bdffd67d67.jpg,443930
/home/ntd/Train-OCR/dataset/train/443930_5f98a3908b1b46eaa9e32b99745194c7.jpg,443930
/home/ntd/Train-OCR/dataset/train/0203_d5c60d240d0a48719c311eae1d1de0e7.jpg,0203
/home/ntd/Train-OCR/dataset/train/6103_457a90be22ff40cb81b99e11819de757.jpg,6103
/home/ntd/Train-OCR/dataset/train/443930_660de829254c4cabbe0076c1d32c58f1.jpg,443930
/home/ntd/Train-OCR/dataset/train/443930_8c14d277c4ac49439477dc67278954ef.jpg,443930
/home/ntd/Train-OCR/dataset/train/6105_d127b84648974b70b18f49b4753c19b4.jpg,6105
/home/ntd/Train-OCR/dataset/train/0102_0f82183404074da88c358d85eb693d24.jpg,0102
/home/ntd/Train-OCR/dataset/train/443930_5c42a38cf51040d5bb0d7067122c3ee3.jpg,443930
/home/ntd/Train-OCR/dataset/train/4202_93c817bbe16a47d39adf7171eab54c04.jpg,4202
/home/ntd/Train-OCR/dataset/train/443930_31d8f34b29f447cbb361545a0d38b949.jpg,443930
/home/ntd/Train-OCR/dataset/train/0104_1be8cf1f46d6469cbba541a744ef7a07.jpg,0104
/home/ntd/Train-OCR/dataset/train/443930_477291eb030045a09b1ef302a41259f6.jpg,443930
/home/ntd/Train-OCR/dataset/train/4204_08459971981543adaa9f4ffdaeb48f23.jpg,4204
/home/ntd/Train-OCR/dataset/train/443930_d5004de26e75417ca9e463efaa9b2a67.jpg,443930
/home/ntd/Train-OCR/dataset/train/2101_cbe514ba8cad4dd59e75334bee94e707.jpg,2101
/home/ntd/Train-OCR/dataset/train/443930_d646ed77c4a547fcb098cda6822e7eb7.jpg,443930
/home/ntd/Train-OCR/dataset/train/443930_c1727344c8f241eeac8351ea0585249a.jpg,443930
/home/ntd/Train-OCR/dataset/train/4101_214fd4973d0643da82d39af96dfd277a.jpg,4101
/home/ntd/Train-OCR/dataset/train/6204_ac02df1f45804cf8953114bbd98d5f6f.jpg,6204
/home/ntd/Train-OCR/dataset/train/443910_ae800e13b4064cab8ce64ba342445ffe.jpg,443910
/home/ntd/Train-OCR/dataset/train/0201_06ca9b86846f4557951e053838de0065.jpg,0201
/home/ntd/Train-OCR/dataset/train/443910_475d838004db453a84a986d04664b1a3.jpg,443910
/home/ntd/Train-OCR/dataset/train/443910_062066565cac42ebac6d3d1d4ba5eff1.jpg,443910
/home/ntd/Train-OCR/dataset/train/6101_7e14c0a0297642b4a44286a415ec2a2a.jpg,6101
/home/ntd/Train-OCR/dataset/train/0203_0b86e92e6faf47df949c32961ad3d674.jpg,0203
/home/ntd/Train-OCR/dataset/train/443910_7b487a1e5a8e4cddb74f0bd4925e0673.jpg,443910
/home/ntd/Train-OCR/dataset/train/443910_44ceec21068045739f828d51477dc74e.jpg,443910
/home/ntd/Train-OCR/dataset/train/6103_7114c294faff4965a3d63d75e3923730.jpg,6103
/home/ntd/Train-OCR/dataset/train/0205_580fb9a86a5246dba8b58a41a73cde10.jpg,0205
/home/ntd/Train-OCR/dataset/train/443910_e25fbc8bd9314c8f9cf5774ac48e1cdf.jpg,443910
/home/ntd/Train-OCR/dataset/train/443910_10cba92457994fea9276519fd723fc56.jpg,443910
/home/ntd/Train-OCR/dataset/train/6105_1c0e026fe15b43688b1eb0f8c810eb9f.jpg,6105
/home/ntd/Train-OCR/dataset/train/443910_b6d1f0cdb9ba4a8a8f43f89fd93184fa.jpg,443910
/home/ntd/Train-OCR/dataset/train/0102_6c4b0e761892493ca44fa178b9cf0fbe.jpg,0102
/home/ntd/Train-OCR/dataset/train/443910_ae38bee5dc2b40d1a70f8d2801982083.jpg,443910
/home/ntd/Train-OCR/dataset/train/4202_79f043081666446a9b4049d4c00434d4.jpg,4202
/home/ntd/Train-OCR/dataset/train/4101_be81dd08d85244a68ba6966b532764fd.jpg,4101
/home/ntd/Train-OCR/dataset/train/443910_0881c74d84d94c318de303b0d781a8ee.jpg,443910
/home/ntd/Train-OCR/dataset/train/2103_a4cb8684b19c432cbcfec2c43fe28c89.jpg,2103
/home/ntd/Train-OCR/dataset/train/443910_9742f11ec36e42a1a60fad6ead59b429.jpg,443910
/home/ntd/Train-OCR/dataset/train/4103_dd08e9a8192f422b8e29c35a2c007abe.jpg,4103
/home/ntd/Train-OCR/dataset/train/443910_27e94ac070d3489ca51b28f544caffbb.jpg,443910
/home/ntd/Train-OCR/dataset/train/443910_f470193a80e24068a2262ad58d04e881.jpg,443910
/home/ntd/Train-OCR/dataset/train/2105_ed0d358c3ab9463f9e59749a3764cb85.jpg,2105
/home/ntd/Train-OCR/dataset/train/4105_647617899eca40d684fc3848c90102fe.jpg,4105
/home/ntd/Train-OCR/dataset/train/443910_6a5bb00d0196422fbe71be31b248ca2f.jpg,443910
/home/ntd/Train-OCR/dataset/train/2302_0612668940f544339aeec580fe77253a.jpg,2302
/home/ntd/Train-OCR/dataset/train/443900_e05023949f694bcb8e5db1ec770230ca.jpg,443900
/home/ntd/Train-OCR/dataset/train/4302_a69a2183cb2a4e4798e21933be459bde.jpg,4302
/home/ntd/Train-OCR/dataset/train/443900_d1c03e3ef100422a8521ff832e5c08fe.jpg,443900
/home/ntd/Train-OCR/dataset/train/2304_d10d0d0077e34bff99b2c81eecf21ab8.jpg,2304
/home/ntd/Train-OCR/dataset/train/443900_48c8220daf1546c8b44e105056e67665.jpg,443900
/home/ntd/Train-OCR/dataset/train/2201_60c4eff82bde4ce68c1df6661afba3a2.jpg,2201
/home/ntd/Train-OCR/dataset/train/443900_46f95b73239f4fb2a917ecce811c1a69.jpg,443900
/home/ntd/Train-OCR/dataset/train/443900_568b5bb908f94f61b5f86eb4673db7a3.jpg,443900
/home/ntd/Train-OCR/dataset/train/2203_e01fa9185c3346659d6bb71e93d5d3d4.jpg,2203
/home/ntd/Train-OCR/dataset/train/6303_5451b4c0de39407699d8758c8e729baf.jpg,6303
/home/ntd/Train-OCR/dataset/train/443900_58b67726306f44489ebc6c20f7753a9b.jpg,443900
/home/ntd/Train-OCR/dataset/train/443900_b3ea730694c24cbbaad0573f919d5b85.jpg,443900
/home/ntd/Train-OCR/dataset/train/2205_ef7369bc6e91405497c06c55e588cb23.jpg,2205
/home/ntd/Train-OCR/dataset/train/443900_d1189e3a70954935a7f268e55fed7391.jpg,443900
/home/ntd/Train-OCR/dataset/train/6305_8063c9ba0d09442fbd38aaacae0dda6e.jpg,6305
/home/ntd/Train-OCR/dataset/train/0302_af7a673ab6ee4fbfbb908cfeb8b0d2b3.jpg,0302
/home/ntd/Train-OCR/dataset/train/443900_92a328dbcaff4a10930e9b25db7168d5.jpg,443900
/home/ntd/Train-OCR/dataset/train/6202_6fb02d3c4aa44c25a9d293d323f48579.jpg,6202
/home/ntd/Train-OCR/dataset/train/443900_a7395bac8b324798a5f24cdc234d9a45.jpg,443900
/home/ntd/Train-OCR/dataset/train/0304_1e3d2b336dac420d941c31b122aeb2e7.jpg,0304
/home/ntd/Train-OCR/dataset/train/443900_d6010a7aecfe4a009bfff234c991883a.jpg,443900
/home/ntd/Train-OCR/dataset/train/4403_37637717422a4c5e960609f672ed032e.jpg,4403
/home/ntd/Train-OCR/dataset/train/443910_52861dba7e964fe38a84304d89996342.jpg,443910
/home/ntd/Train-OCR/dataset/train/443910_63d1d1a215ac415e8a19ef67dfbcd643.jpg,443910
/home/ntd/Train-OCR/dataset/train/6405_82b6d61357a14ec79057d8355202b46f.jpg,6405
/home/ntd/Train-OCR/dataset/train/4405_1f79cbf99a3a44e1936149d0bb458224.jpg,4405
/home/ntd/Train-OCR/dataset/train/443910_2b9fb2ffd713425c829a880c2f073875.jpg,443910
/home/ntd/Train-OCR/dataset/train/4302_95a65588fa36477f9d5ae7758625e349.jpg,4302
/home/ntd/Train-OCR/dataset/train/443910_e841af58087a4e4c90914635a22e5bd2.jpg,443910
/home/ntd/Train-OCR/dataset/train/2302_92b8f061d73144c3bc4af17aff77f199.jpg,2302
/home/ntd/Train-OCR/dataset/train/443910_d3048d76d6034e0f94550896abf5f591.jpg,443910
/home/ntd/Train-OCR/dataset/train/4304_6ac1f49c36d74fa9ba95cd52352cbf3c.jpg,4304
/home/ntd/Train-OCR/dataset/train/443910_3a9d7343e6544c15b2104af29cbd0bdd.jpg,443910
/home/ntd/Train-OCR/dataset/train/443910_85f0acbd12d447dcb14e07ec0a6ce177.jpg,443910
/home/ntd/Train-OCR/dataset/train/2304_947ab9bb921f4db1ae945708406a66b9.jpg,2304
/home/ntd/Train-OCR/dataset/train/2201_ccc40a02852b47cf88bd1112cffca8d3.jpg,2201
/home/ntd/Train-OCR/dataset/train/443910_d27011e0fb3a40578b0c4a75eff161fd.jpg,443910
/home/ntd/Train-OCR/dataset/train/443910_b79a4378edbb4cbd8b5e90b5e44305e1.jpg,443910
/home/ntd/Train-OCR/dataset/train/6301_d6f9551d6da84e7b9feab3c2824f9988.jpg,6301
/home/ntd/Train-OCR/dataset/train/2203_469178fb1993450389075ff1976cc50f.jpg,2203
/home/ntd/Train-OCR/dataset/train/443910_4c3c60ddd427439297e5602c437d6090.jpg,443910
/home/ntd/Train-OCR/dataset/train/443910_3c13efc195cb450b939f84d97f414743.jpg,443910
/home/ntd/Train-OCR/dataset/train/6303_a06817ad0f3a4a91bc70ef7974363b3a.jpg,6303
/home/ntd/Train-OCR/dataset/train/443910_45e49cec681742fab77b97057b20e9ff.jpg,443910
/home/ntd/Train-OCR/dataset/train/2205_16b79a44e4e84790b700ee0c47932aa4.jpg,2205
/home/ntd/Train-OCR/dataset/train/6305_df46900837aa493184e92744c568ba43.jpg,6305
/home/ntd/Train-OCR/dataset/train/443910_e0a62deec0274218bb2ce6728412f353.jpg,443910
/home/ntd/Train-OCR/dataset/train/0302_4a21c67b464e4106b8596ba9d9b51178.jpg,0302
/home/ntd/Train-OCR/dataset/train/443910_73a2ecb5b5444bfaacab12e2801b4b0a.jpg,443910
/home/ntd/Train-OCR/dataset/train/6202_e3ff1b0c37194587b4b39a1b5324d8d1.jpg,6202
/home/ntd/Train-OCR/dataset/train/443910_06bd5196063f41f5b3961337a9d6ce7a.jpg,443910
/home/ntd/Train-OCR/dataset/train/0304_ef31a12a109144859587c03132f78ca8.jpg,0304
/home/ntd/Train-OCR/dataset/train/443910_aafbb4f597a1461aac609a02cab37c88.jpg,443910
/home/ntd/Train-OCR/dataset/train/2103_89a893a975a64d74ad098eac3a234596.jpg,2103
/home/ntd/Train-OCR/dataset/train/443900_d7ad9448c62b4ee19f4a27fee9e24cc0.jpg,443900
/home/ntd/Train-OCR/dataset/train/4103_3293a6d22f364842a6482ff95ecc6aa5.jpg,4103
/home/ntd/Train-OCR/dataset/train/443900_c605254e6cd04a2685500475818d37b7.jpg,443900
/home/ntd/Train-OCR/dataset/train/443900_d2c094e4bb534330a9a5803755828342.jpg,443900
/home/ntd/Train-OCR/dataset/train/4105_e448af4e35994fe68ecd6e1a21a46249.jpg,4105
/home/ntd/Train-OCR/dataset/train/2402_2d3c8875756349d5b206a5c0471d699a.jpg,2402
/home/ntd/Train-OCR/dataset/train/443890_3228aed240ed4768897711f8df444934.jpg,443890
/home/ntd/Train-OCR/dataset/train/443890_b25018d8ff1c4338b02446ff888a847e.jpg,443890
/home/ntd/Train-OCR/dataset/train/4402_975ff169a22c49698d4ab5c30c1f1bd1.jpg,4402
/home/ntd/Train-OCR/dataset/train/2404_4c7951e9dd2448edbddee27c03a98381.jpg,2404
/home/ntd/Train-OCR/dataset/train/443890_a2d749ae392447eea84b1567d927fa23.jpg,443890
/home/ntd/Train-OCR/dataset/train/4404_d99370992d084c59b423adb9be3d956c.jpg,4404
/home/ntd/Train-OCR/dataset/train/443890_47ae0864d4244ad49ae6434b16623ccf.jpg,443890
/home/ntd/Train-OCR/dataset/train/0401_c2a03f78a2214fd1a816a4a8207b2e54.jpg,0401
/home/ntd/Train-OCR/dataset/train/443890_6c99135b1c6841e18a704d8f0466276e.jpg,443890
/home/ntd/Train-OCR/dataset/train/6401_8a7c1e5adad1439a85e018376234853c.jpg,6401
/home/ntd/Train-OCR/dataset/train/443890_20313bb710424400a7ca387d9d7608d3.jpg,443890
/home/ntd/Train-OCR/dataset/train/0403_f2fe18bedad24bbbb65c186cfa0ddd1f.jpg,0403
/home/ntd/Train-OCR/dataset/train/443890_7076041e6be74fd9a90e9874950f0cf4.jpg,443890
/home/ntd/Train-OCR/dataset/train/443890_e74f7ce18bc44602b2a9cac7a9be4ac0.jpg,443890
/home/ntd/Train-OCR/dataset/train/6403_754c76edeaab4f0d9792405b3f5e074b.jpg,6403
/home/ntd/Train-OCR/dataset/train/6405_a76cbe6185704c9abe783b1782f7b231.jpg,6405
/home/ntd/Train-OCR/dataset/train/443890_3c265fdfd0bc41f485906b7d1b0c88f5.jpg,443890
/home/ntd/Train-OCR/dataset/train/6204_97f43cf8d20546aea94a97dd85a7c4b0.jpg,6204
/home/ntd/Train-OCR/dataset/train/443900_f532ab93d0d84e048226936a1fc6f9ee.jpg,443900
/home/ntd/Train-OCR/dataset/train/0201_556a6cb1eb4b497b9cc89717fdfe913b.jpg,0201
/home/ntd/Train-OCR/dataset/train/443900_23f3fd231c1443c5b71d42d664ec77a4.jpg,443900
/home/ntd/Train-OCR/dataset/train/6101_7f28a19221804e75898da3d896ae5d84.jpg,6101
/home/ntd/Train-OCR/dataset/train/443900_2d627287a04f42c99dab59bc06559454.jpg,443900
/home/ntd/Train-OCR/dataset/train/0203_e6e2182102ee463a97fbc2377080940a.jpg,0203
/home/ntd/Train-OCR/dataset/train/443900_8762051fd2e541388aec90d976e9a9a9.jpg,443900
/home/ntd/Train-OCR/dataset/train/443900_a998068b59de4d339cac836714378946.jpg,443900
/home/ntd/Train-OCR/dataset/train/6103_cc1c2395b6264579be44010a8632b405.jpg,6103
/home/ntd/Train-OCR/dataset/train/0205_22cfa72873a4484bbb594ee2a51598e2.jpg,0205
/home/ntd/Train-OCR/dataset/train/443900_448d152e65f641a39567848003953d64.jpg,443900
/home/ntd/Train-OCR/dataset/train/443900_d30ca4b80c4540828f620dda559b4623.jpg,443900
/home/ntd/Train-OCR/dataset/train/6105_40bb0f49509b406c8b69edaabfe227ee.jpg,6105
/home/ntd/Train-OCR/dataset/train/0102_a3e030055f0040bf84fd48f2f3e8da4d.jpg,0102
/home/ntd/Train-OCR/dataset/train/443900_eb45e41a0a9b46c0adea6ca23e965f8a.jpg,443900
/home/ntd/Train-OCR/dataset/train/4202_fca9e0bad0884e86aeb665e78da3d0ed.jpg,4202
/home/ntd/Train-OCR/dataset/train/443900_cc2c0094cc034e0b97cdfd7cb5f5153c.jpg,443900
/home/ntd/Train-OCR/dataset/train/0104_17ff793a759142e49603bce7d951e83c.jpg,0104
/home/ntd/Train-OCR/dataset/train/443900_a405572f42854a25aa8e33d32c8dcdb8.jpg,443900
/home/ntd/Train-OCR/dataset/train/4204_402bfeaef19f45a3a75f15e456caef92.jpg,4204
/home/ntd/Train-OCR/dataset/train/443900_8f76d0cf72a74804825c0d4605c66fcd.jpg,443900
/home/ntd/Train-OCR/dataset/train/2101_cb6484f0732a407e857aad544ed2833f.jpg,2101
/home/ntd/Train-OCR/dataset/train/443900_97d705c6712b4ece9b9cd40fcc79e1bc.jpg,443900
/home/ntd/Train-OCR/dataset/train/443900_91894b2537314e45aef28f13a7cbd02f.jpg,443900
/home/ntd/Train-OCR/dataset/train/4101_6c3e1a91ff014626bfe354ef49e1e498.jpg,4101
/home/ntd/Train-OCR/dataset/train/6401_7451fe29392e4779b56c38b83eed440c.jpg,6401
/home/ntd/Train-OCR/dataset/train/443950_2a5c5648de244964a563d490725ecb0f.jpg,443950
/home/ntd/Train-OCR/dataset/train/4403_e7efb3a681684f86871a659f7aaa30a3.jpg,4403
/home/ntd/Train-OCR/dataset/train/443950_784dfb8fcf2e474d9ddea22644709189.jpg,443950
/home/ntd/Train-OCR/dataset/train/2103_44f6f664c9cb47f9b176d49dd2e310c8.jpg,2103
/home/ntd/Train-OCR/dataset/train/443870_31c55e41c306440bb90887487e453e9e.jpg,443870
/home/ntd/Train-OCR/dataset/train/4103_29e7cd7289ea4680a26f0d6549e4a2b8.jpg,4103
/home/ntd/Train-OCR/dataset/train/443870_1a332d47fd1b4991b5350cc52aabce0a.jpg,443870
/home/ntd/Train-OCR/dataset/train/2105_02547f6c2c2e4645bf570a55bffc9145.jpg,2105
/home/ntd/Train-OCR/dataset/train/443870_6d5e532a6dac424a8aaf37c342c91275.jpg,443870
/home/ntd/Train-OCR/dataset/train/443870_3026452e8a7f43b4b46f47dad4e84a70.jpg,443870
/home/ntd/Train-OCR/dataset/train/4105_91a7a66bb72f45e5be2a6123b46efc03.jpg,4105
/home/ntd/Train-OCR/dataset/train/2302_43af1d6448104f03a8a44098ba797592.jpg,2302
/home/ntd/Train-OCR/dataset/train/443860_4580a946334442409497ece955194342.jpg,443860
/home/ntd/Train-OCR/dataset/train/4304_d776556c19554732915d9c635abb5c52.jpg,4304
/home/ntd/Train-OCR/dataset/train/443860_ba16a0c129444df98579cf4acd4a72c0.jpg,443860
/home/ntd/Train-OCR/dataset/train/2203_6ff2b738a2d742c8ab1a2edfa9e42658.jpg,2203
/home/ntd/Train-OCR/dataset/train/443860_f270c3498bcb48e0b51cfc970fca77f8.jpg,443860
/home/ntd/Train-OCR/dataset/train/6303_0bcb70ab5e694d4e9a1f8d608359a427.jpg,6303
/home/ntd/Train-OCR/dataset/train/443860_d0e0da299af842f6b10551a792749ad1.jpg,443860
/home/ntd/Train-OCR/dataset/train/443860_80db2154b4ee4116b95d702e104b3d79.jpg,443860
/home/ntd/Train-OCR/dataset/train/2205_31ab07e879124438bbde73c3a5fe3ac5.jpg,2205
/home/ntd/Train-OCR/dataset/train/6305_a3ff1260584c4b16a49c153ae7fd0f61.jpg,6305
/home/ntd/Train-OCR/dataset/train/443860_b60263055cb742f4b77b43136c0b0ac7.jpg,443860
/home/ntd/Train-OCR/dataset/train/443860_c9a87198ce7f499aa7d595cf8b7e7739.jpg,443860
/home/ntd/Train-OCR/dataset/train/0301_041ca905addc413bb1e0c30897e8147f.jpg,0301
/home/ntd/Train-OCR/dataset/train/6201_49718f04192a40e587fa0b6801c641c8.jpg,6201
/home/ntd/Train-OCR/dataset/train/443860_dd4ab6c6928e40b4a5b3e6ad5b30789a.jpg,443860
/home/ntd/Train-OCR/dataset/train/443860_d34d3f627ac84532908a55cd4e3cac2d.jpg,443860
/home/ntd/Train-OCR/dataset/train/0302_e3bfb394287d4c06b68213b0a7edcd5b.jpg,0302
/home/ntd/Train-OCR/dataset/train/6202_ec768992b1d7406f95d7faebad340deb.jpg,6202
/home/ntd/Train-OCR/dataset/train/443860_fc522eedb504449fa9ac570e65823f24.jpg,443860
/home/ntd/Train-OCR/dataset/train/0303_7d0b78768df94c59b46729e740b7c326.jpg,0303
/home/ntd/Train-OCR/dataset/train/443860_d955e847334f49e8ade5626fd553e0dc.jpg,443860
/home/ntd/Train-OCR/dataset/train/6203_6e257d651ed4468aa3adb17e4f98a168.jpg,6203
/home/ntd/Train-OCR/dataset/train/443860_4a204b47d88a421c9e722c1935a0a46f.jpg,443860
/home/ntd/Train-OCR/dataset/train/0304_9fd64fbd64ff4d278d4d69cc9dbcbe4b.jpg,0304
/home/ntd/Train-OCR/dataset/train/443860_c2a20fc357114ac389166d95649df192.jpg,443860
/home/ntd/Train-OCR/dataset/train/6204_4e434afc36ef4ceb9014210a670ce031.jpg,6204
/home/ntd/Train-OCR/dataset/train/443860_fc37bc370f97431080640abebf404cbb.jpg,443860
/home/ntd/Train-OCR/dataset/train/443860_25f4af23e51e40f1b2996e723a4b5322.jpg,443860
/home/ntd/Train-OCR/dataset/train/6205_2f91308b903f49ce9510b66c70148e9c.jpg,6205
/home/ntd/Train-OCR/dataset/train/0202_04d7621f11054ab99d954eff050595c5.jpg,0202
/home/ntd/Train-OCR/dataset/train/443860_b9172ed15c1747ce9c8735246f5856e0.jpg,443860
/home/ntd/Train-OCR/dataset/train/6302_709e6455c67c4931a2d50fb032469c77.jpg,6302
/home/ntd/Train-OCR/dataset/train/443870_c0bd222edc1e4b6e944117f1686c1eba.jpg,443870
/home/ntd/Train-OCR/dataset/train/4302_fdb4e0f3206f49ffa36d121682f71d16.jpg,4302
/home/ntd/Train-OCR/dataset/train/443870_79df6f8035054986ae9649df86f2cbca.jpg,443870
/home/ntd/Train-OCR/dataset/train/6304_753b42ccba254b72a005e02965ffbc86.jpg,6304
/home/ntd/Train-OCR/dataset/train/443870_59e78d944cdb4623ba538db85f630f15.jpg,443870
/home/ntd/Train-OCR/dataset/train/4304_8e704d25ff434708a2a8d4a249393ebb.jpg,4304
/home/ntd/Train-OCR/dataset/train/443870_9d38b96a98ab408a9f90d5dff275a78b.jpg,443870
/home/ntd/Train-OCR/dataset/train/2301_43fb18c0211d41a9b9d6bb6fbfba6803.jpg,2301
/home/ntd/Train-OCR/dataset/train/443870_a5d13941245d44c2b8a505cf7cb9cfcb.jpg,443870
/home/ntd/Train-OCR/dataset/train/2203_269f8b9db50446a6a70bae2b806ca44c.jpg,2203
/home/ntd/Train-OCR/dataset/train/443870_2b020d37919c43b79cdefac7faa00809.jpg,443870
/home/ntd/Train-OCR/dataset/train/2303_b3b8ead08bdb4ddfb4804e02d17e39f8.jpg,2303
/home/ntd/Train-OCR/dataset/train/443870_9fa8e6b0635d44ad90962fc1c874f685.jpg,443870
/home/ntd/Train-OCR/dataset/train/2205_1e448934cb5a4670b869063fb8aadd56.jpg,2205
/home/ntd/Train-OCR/dataset/train/443870_5955efe57d9e45e98fddafef0964e92f.jpg,443870
/home/ntd/Train-OCR/dataset/train/443870_b15c8ac2d6f54a73936a1adb0da62ada.jpg,443870
/home/ntd/Train-OCR/dataset/train/2305_ecfc1406073e49c58ccdb33ed4c5e003.jpg,2305
/home/ntd/Train-OCR/dataset/train/443870_608a73bad25845639449819e89ed0356.jpg,443870
/home/ntd/Train-OCR/dataset/train/0302_64b2c06cb8ee473eb1a3d56302e2a4ce.jpg,0302
/home/ntd/Train-OCR/dataset/train/6202_1afa357c409a48019f11d11c65d80de5.jpg,6202
/home/ntd/Train-OCR/dataset/train/443870_7afceffb2b6e412784a8c22cee353677.jpg,443870
/home/ntd/Train-OCR/dataset/train/6204_76ebb17a16f54516a5eed7717fabaaf2.jpg,6204
/home/ntd/Train-OCR/dataset/train/443870_fbe039b176db49a9b562afed13360c66.jpg,443870
/home/ntd/Train-OCR/dataset/train/0203_2144e21bb1fe43e992c9e34a4fa91c80.jpg,0203
/home/ntd/Train-OCR/dataset/train/443870_3ae7eb0ab9c54529af8a9232fc853ea7.jpg,443870
/home/ntd/Train-OCR/dataset/train/6103_9d2b83f8188f49fb844fdc1c8d97af98.jpg,6103
/home/ntd/Train-OCR/dataset/train/443870_6588b30948a24d568daa55754e6aef32.jpg,443870
/home/ntd/Train-OCR/dataset/train/0205_1f08f3b56ba349eeabc9d4eae67c3c28.jpg,0205
/home/ntd/Train-OCR/dataset/train/443870_1a892b40f8af406ab34ae2789ab5b42a.jpg,443870
/home/ntd/Train-OCR/dataset/train/6105_a1ac19fe3cbf45668ca205968e35bbe9.jpg,6105
/home/ntd/Train-OCR/dataset/train/443870_f07b42249eb143d9990684b410ee7d19.jpg,443870
/home/ntd/Train-OCR/dataset/train/0102_1924dc5167ff4583bfb3dceabdd4507f.jpg,0102
/home/ntd/Train-OCR/dataset/train/443870_187a75db02de4dc7ac34225257da14b4.jpg,443870
/home/ntd/Train-OCR/dataset/train/4202_ea39406f2d3a4b4faf1af2077858bc70.jpg,4202
/home/ntd/Train-OCR/dataset/train/443870_b9f144923dc64b749534a447eb4b65ff.jpg,443870
/home/ntd/Train-OCR/dataset/train/0104_c782cc5fc603438082caf2b8f11ca774.jpg,0104
/home/ntd/Train-OCR/dataset/train/443870_e1d06d184c0d4e6fad911d1e657c2c77.jpg,443870
/home/ntd/Train-OCR/dataset/train/4204_b81d9e8efa4845d49d4a891105e0544d.jpg,4204
/home/ntd/Train-OCR/dataset/train/443870_090029f045fd4e088f0b15bba13318f6.jpg,443870
/home/ntd/Train-OCR/dataset/train/443870_73587f8802bf4e2b91e85cd867aa9a2d.jpg,443870
/home/ntd/Train-OCR/dataset/train/2101_dadff7c0aa124424a030421ad6defeb8.jpg,2101
/home/ntd/Train-OCR/dataset/train/4105_3fb9927c24d04ee8bb02ada7a6e5e636.jpg,4105
/home/ntd/Train-OCR/dataset/train/443860_d4a6e7af53e14ac792e57d14a1df0344.jpg,443860
/home/ntd/Train-OCR/dataset/train/443850_04775767ec884588b997f9a8f0ab6710.jpg,443850
/home/ntd/Train-OCR/dataset/train/2402_8812500f66e6483aa948c71960f89433.jpg,2402
/home/ntd/Train-OCR/dataset/train/4402_3ae152d516d34e0085cdf3318fadb4d9.jpg,4402
/home/ntd/Train-OCR/dataset/train/443850_97bb8c38d8f242c1866602ef47bd1f70.jpg,443850
/home/ntd/Train-OCR/dataset/train/4404_d6860bcbc4dd409eb6b85d37e1575c16.jpg,4404
/home/ntd/Train-OCR/dataset/train/443850_166f2782ed14470a867e1bcff4a9e1cb.jpg,443850
/home/ntd/Train-OCR/dataset/train/6401_e08eaa48dd0f4db881cf2cd9d28b8e62.jpg,6401
/home/ntd/Train-OCR/dataset/train/443850_49f15d4d7b16450ba3a59950d8745ed3.jpg,443850
/home/ntd/Train-OCR/dataset/train/0403_ceaf6b4c229348f0bcc370d7cf9fd4ab.jpg,0403
/home/ntd/Train-OCR/dataset/train/443850_27f1a555d2064ac784161a2c2b22bc8c.jpg,443850
/home/ntd/Train-OCR/dataset/train/6403_d3694fd2a2864d52bce7978e57b68415.jpg,6403
/home/ntd/Train-OCR/dataset/train/443850_bbc51c1ed0984368a2a8a9d9faef6351.jpg,443850
/home/ntd/Train-OCR/dataset/train/0405_3a961b4d106144589e2cb30380494ae5.jpg,0405
/home/ntd/Train-OCR/dataset/train/443850_661dce00c1a54d3bad995751fc90b5bf.jpg,443850
/home/ntd/Train-OCR/dataset/train/6405_fb70087129314814bad8127594cb4e3b.jpg,6405
/home/ntd/Train-OCR/dataset/train/443850_6d6ec70aa3ec4a27bf711a5b2dc06c6c.jpg,443850
/home/ntd/Train-OCR/dataset/train/2302_b6e88c7c97fd43089fafee0b8ff4209b.jpg,2302
/home/ntd/Train-OCR/dataset/train/443850_b14e69585e3244b0be8cb3f73cb35816.jpg,443850
/home/ntd/Train-OCR/dataset/train/4302_fab6fcc85fa44627b7491f4205956cf2.jpg,4302
/home/ntd/Train-OCR/dataset/train/443850_6b90cfc6f64f451bb4f55f300cb79917.jpg,443850
/home/ntd/Train-OCR/dataset/train/2304_0cb49d30db344aac84dd4fec17bb20ba.jpg,2304
/home/ntd/Train-OCR/dataset/train/443850_f26266c523614177bd485fa74fa9727e.jpg,443850
/home/ntd/Train-OCR/dataset/train/4304_a2eb6c13c8bd4833af421ce82c157891.jpg,4304
/home/ntd/Train-OCR/dataset/train/443850_095765979b0344189a5c0d5231ad9eb2.jpg,443850
/home/ntd/Train-OCR/dataset/train/443850_ce6d2a95a0344e2eb53c2c8c486c09d5.jpg,443850
/home/ntd/Train-OCR/dataset/train/2201_21ca328d5ff94005b974e67be9b6d63a.jpg,2201
/home/ntd/Train-OCR/dataset/train/443850_006cfa19e07b419db2cce41bc2680ee5.jpg,443850
/home/ntd/Train-OCR/dataset/train/6301_7bdd31fcb89f4a7f860997a1aa306adc.jpg,6301
/home/ntd/Train-OCR/dataset/train/6303_16aa87dd63e34f6b8a56530be283eb78.jpg,6303
/home/ntd/Train-OCR/dataset/train/443850_77f9adae74d74c0180de1dec044f8f8c.jpg,443850
/home/ntd/Train-OCR/dataset/train/2205_70c69b8ebbf645fca29bacd4102bd933.jpg,2205
/home/ntd/Train-OCR/dataset/train/443850_59cf035d6fd34e80b0437da8c57543e5.jpg,443850
/home/ntd/Train-OCR/dataset/train/6305_41a0f31ea5324fbaacecdf752f2ca5f9.jpg,6305
/home/ntd/Train-OCR/dataset/train/443850_e50f84c7721d4b28ab6c41bd0cb78d92.jpg,443850
/home/ntd/Train-OCR/dataset/train/0302_38b71cf741e24597915708ba537b8c63.jpg,0302
/home/ntd/Train-OCR/dataset/train/443850_e6120648697c47388c1a459c45baabf2.jpg,443850
/home/ntd/Train-OCR/dataset/train/6202_fda747b303fe4f7da573db4769925690.jpg,6202
/home/ntd/Train-OCR/dataset/train/443850_2f559a9de2a34b0199d6799d769f722e.jpg,443850
/home/ntd/Train-OCR/dataset/train/443850_218ea18bef604f5587b247bd039aa7d7.jpg,443850
/home/ntd/Train-OCR/dataset/train/0304_6984188af1d1435b85c209d17e47e909.jpg,0304
/home/ntd/Train-OCR/dataset/train/6204_0a0a49bd812742738f7f282e44e2a051.jpg,6204
/home/ntd/Train-OCR/dataset/train/443850_2e731607a8174eabba8d55cf7993e567.jpg,443850
/home/ntd/Train-OCR/dataset/train/0201_e430a20b046a4c56a338dbcceefebe40.jpg,0201
/home/ntd/Train-OCR/dataset/train/443850_436d595b4e554324b56e8a881a395de3.jpg,443850
/home/ntd/Train-OCR/dataset/train/443850_2c850680e53c4ea2a4a372c030c73bee.jpg,443850
/home/ntd/Train-OCR/dataset/train/6101_7a96e834011845e199cd98a53de4d097.jpg,6101
/home/ntd/Train-OCR/dataset/train/0203_5d3b953412ab48dfbcd1685a1ef05192.jpg,0203
/home/ntd/Train-OCR/dataset/train/443850_4ff51d61a29448438c10e4c42337f90c.jpg,443850
/home/ntd/Train-OCR/dataset/train/6103_23172483682c4c8b906d8e2713ce0198.jpg,6103
/home/ntd/Train-OCR/dataset/train/443850_f65f657326084b15a5471f164fcf521b.jpg,443850
/home/ntd/Train-OCR/dataset/train/443850_f6f0878ee58c4d558a7c7657a10b7026.jpg,443850
/home/ntd/Train-OCR/dataset/train/0205_7d55f75adb044884af32f847213632c2.jpg,0205
/home/ntd/Train-OCR/dataset/train/6105_893e6f4dc6a64a0b84371f8e6e234b67.jpg,6105
/home/ntd/Train-OCR/dataset/train/443850_983445602f604e8fa42894571426a455.jpg,443850
/home/ntd/Train-OCR/dataset/train/0102_1c09199fb2c8487798bab7abcce2acc5.jpg,0102
/home/ntd/Train-OCR/dataset/train/443850_5d0801f6aa284221bd0ffae05098f05b.jpg,443850
/home/ntd/Train-OCR/dataset/train/4202_9debb66e16db45de932a8eb1bd7635d8.jpg,4202
/home/ntd/Train-OCR/dataset/train/443850_eaa36761eb434b8c9de4f84cab0d0c49.jpg,443850
/home/ntd/Train-OCR/dataset/train/0104_69646e3cbac94b50867259a38ef92821.jpg,0104
/home/ntd/Train-OCR/dataset/train/443850_fd153202371f4e1e962a00854595ce2e.jpg,443850
/home/ntd/Train-OCR/dataset/train/4204_5ecacb1d0a484f10b47fbbbb3e8cdc62.jpg,4204
/home/ntd/Train-OCR/dataset/train/443850_f162dc4dadf94dc4984fc1cb161a4e6f.jpg,443850
/home/ntd/Train-OCR/dataset/train/4101_f2b5efc131e341a1b6c49767658155db.jpg,4101
/home/ntd/Train-OCR/dataset/train/443850_362ee606c0d24bea94b2f5017de3f52d.jpg,443850
/home/ntd/Train-OCR/dataset/train/2103_d094ce6bc68e4de8a4584650d2b2ee20.jpg,2103
/home/ntd/Train-OCR/dataset/train/443850_ed7c8ab16c3d444c936b7b713d26f084.jpg,443850
/home/ntd/Train-OCR/dataset/train/6102_a153f0c32e1b48cfbf791e31c5178b48.jpg,6102
/home/ntd/Train-OCR/dataset/train/443860_2a95fb53b0b14624a9e8bfdd336088bb.jpg,443860
/home/ntd/Train-OCR/dataset/train/443870_76e9ea102e9e4492a54fc59d5a941c0f.jpg,443870
/home/ntd/Train-OCR/dataset/train/443860_8ee64c34122c4a4babaa22e7fc14d25f.jpg,443860
/home/ntd/Train-OCR/dataset/train/443860_cb432bdfa6ba4c9c973d92d9dd934514.jpg,443860
/home/ntd/Train-OCR/dataset/train/6104_ef1667b5c3f8401fb24e29367b6996f0.jpg,6104
/home/ntd/Train-OCR/dataset/train/0101_b7319d4617ab47e0bd477b4fc5bc2fb6.jpg,0101
/home/ntd/Train-OCR/dataset/train/443860_978df74da1d74753ac0e338365ad29b3.jpg,443860
/home/ntd/Train-OCR/dataset/train/4201_c33deaae454948248a7472f5dc93716f.jpg,4201
/home/ntd/Train-OCR/dataset/train/443860_54cbd6cfc81d4252a61100eebd61f3a1.jpg,443860
/home/ntd/Train-OCR/dataset/train/0103_08e3ff1b55d44b7f9f6d4cc51b7a3db2.jpg,0103
/home/ntd/Train-OCR/dataset/train/443860_115e0149b9b6438c968bae4131d5f555.jpg,443860
/home/ntd/Train-OCR/dataset/train/4203_ea0022321a43459e9e5eea6cdeee79bc.jpg,4203
/home/ntd/Train-OCR/dataset/train/443860_ad20878d3b19480d8dd27667d0494f60.jpg,443860
/home/ntd/Train-OCR/dataset/train/0105_ad02763b30da495dafe9d632bd420831.jpg,0105
/home/ntd/Train-OCR/dataset/train/443860_82a2e9eca3e644968138a1b942675111.jpg,443860
/home/ntd/Train-OCR/dataset/train/4205_76aad7d75ac442aa905d0bf47f6d2372.jpg,4205
/home/ntd/Train-OCR/dataset/train/443860_bbd6139c1f6046e3b04147b750f50b73.jpg,443860
/home/ntd/Train-OCR/dataset/train/4102_11d07e246bd046b396632fb71038a43f.jpg,4102
/home/ntd/Train-OCR/dataset/train/443860_b6f2a8a611f64591900d59a2133974bd.jpg,443860
/home/ntd/Train-OCR/dataset/train/2105_b4944b1bdf5f4fa39c62076485ffa4cd.jpg,2105
/home/ntd/Train-OCR/dataset/train/443860_acd3f46bdbca4b69a0d629265aec41af.jpg,443860
/home/ntd/Train-OCR/dataset/train/4202_3f554e8a03ad495298f94ca13ee199a9.jpg,4202
/home/ntd/Train-OCR/dataset/train/42800_b528f2fefdfb44e7a73c4e50f30068d2.jpg,42800
/home/ntd/Train-OCR/dataset/train/2302_8721b33b18604582ab1fbcd921ce6581.jpg,2302
/home/ntd/Train-OCR/dataset/train/42760_36050ed10c2a44428f574606384d8383.jpg,42760
/home/ntd/Train-OCR/dataset/train/6304_b255dbe46f5646499e8ee2455271d504.jpg,6304
/home/ntd/Train-OCR/dataset/train/42760_6131500a95dd4d2ab7dd0aad64359f09.jpg,42760
/home/ntd/Train-OCR/dataset/train/2404_0f71f8f78bb249d3a6b3c2b8aba35660.jpg,2404
/home/ntd/Train-OCR/dataset/train/42760_78d204ca91bd4a97a02671c53135e40c.jpg,42760
/home/ntd/Train-OCR/dataset/train/2102_b46829a2028b4d469edd35617cfde445.jpg,2102
/home/ntd/Train-OCR/dataset/train/42760_c8f5f5928e364ed29ff914066c0e64fa.jpg,42760
/home/ntd/Train-OCR/dataset/train/2104_b8665298c01f47a7b1c474fa99662800.jpg,2104
/home/ntd/Train-OCR/dataset/train/42760_e46fd2ba248e435d980028455b064d39.jpg,42760
/home/ntd/Train-OCR/dataset/train/41030_8f95f1fce2804714a058f74018246c1d.jpg,41030
/home/ntd/Train-OCR/dataset/train/2504_554886243f8a42e0a97a8179a5c126c0.jpg,2504
/home/ntd/Train-OCR/dataset/train/41030_5b354fe085714ada9bf30ba7852afcc6.jpg,41030
/home/ntd/Train-OCR/dataset/train/2105_68fe9e689b5243deb96ebc8f32e6011e.jpg,2105
/home/ntd/Train-OCR/dataset/train/443850_3cae10c198a04639bb8e0b096a4fe891.jpg,443850
/home/ntd/Train-OCR/dataset/train/42790_42ddeafd162846dda4eea9bc39f19d91.jpg,42790
/home/ntd/Train-OCR/dataset/train/2402_1d935348e73b451a9057ccc3e1609551.jpg,2402
/home/ntd/Train-OCR/dataset/train/42790_c7f00f72d5844e348f10d331fa96c6d7.jpg,42790
/home/ntd/Train-OCR/dataset/train/2404_585ecb0eb8ed478ba7aa7b61c1c2e978.jpg,2404
/home/ntd/Train-OCR/dataset/train/42790_7b808da1c69b4a02a6a2631e6f8bcd8c.jpg,42790
/home/ntd/Train-OCR/dataset/train/0402_269ecdead252423ba90ea03210d16f70.jpg,0402
/home/ntd/Train-OCR/dataset/train/42790_3d05597a81f04f77be0faa7c1ea59f10.jpg,42790
/home/ntd/Train-OCR/dataset/train/0204_d20e0115d0044f7eb246367153a8d9e4.jpg,0204
/home/ntd/Train-OCR/dataset/train/42800_c330bb27cdbe4432a7932dbe4e068247.jpg,42800
/home/ntd/Train-OCR/dataset/train/4102_4ffbe56de87f4eb2811fc04d22e8fff4.jpg,4102
/home/ntd/Train-OCR/dataset/train/42800_044ca2224bf44497b0ee78760ac13820.jpg,42800
/home/ntd/Train-OCR/dataset/train/6102_95dfa47e81c14c468e35eb15b1084403.jpg,6102
/home/ntd/Train-OCR/dataset/train/42800_e3cbd29ea8d3494e93d97cdf8f645e0e.jpg,42800
/home/ntd/Train-OCR/dataset/train/2304_c6eb1e6aa3b242f1820a848938afcb10.jpg,2304
/home/ntd/Train-OCR/dataset/train/443990_f5ca25f3681c4a67903349c3b39ebb2a.jpg,443990
/home/ntd/Train-OCR/dataset/train/4201_9e0cafc23fb84b6bb6daeb15527fce1c.jpg,4201
/home/ntd/Train-OCR/dataset/train/443990_489e3c616d3749edacff49d539987b67.jpg,443990
/home/ntd/Train-OCR/dataset/train/443990_cf24c5d0f57b46d687a8a260f51ea6d8.jpg,443990
/home/ntd/Train-OCR/dataset/train/4203_a3e9e1e0665548cda909942e142cbe95.jpg,4203
/home/ntd/Train-OCR/dataset/train/0203_6f6f3fbd4b1f4eb79f413113ef73e07c.jpg,0203
/home/ntd/Train-OCR/dataset/train/443990_110b3cc0c6b94dc2b9e1ea8d29b445ff.jpg,443990
/home/ntd/Train-OCR/dataset/train/443990_f13e471eb67547a59361ad8125fb8cec.jpg,443990
/home/ntd/Train-OCR/dataset/train/0205_0a648a0176f442498b36fafa3f87e21f.jpg,0205
/home/ntd/Train-OCR/dataset/train/6202_70e4902aab624649957c5d619bc6fc5c.jpg,6202
/home/ntd/Train-OCR/dataset/train/443990_09348c5e39c146ff952d039c6cf483e8.jpg,443990
/home/ntd/Train-OCR/dataset/train/443990_b952d666561c409b95e7586166ca8851.jpg,443990
/home/ntd/Train-OCR/dataset/train/6204_d5030a633bd848db95dc3e9467d6a397.jpg,6204
/home/ntd/Train-OCR/dataset/train/443970_7e73b5005b2b4abfb2cc27f9f8a1d303.jpg,443970
/home/ntd/Train-OCR/dataset/train/6202_1805c03cffcb449e9ca79c1987c2f38b.jpg,6202
/home/ntd/Train-OCR/dataset/train/6302_eeb035566a7d4a8090c088c0d08e4f07.jpg,6302
/home/ntd/Train-OCR/dataset/train/443970_c97a33f3bd1d402cae5dbef79d0c357f.jpg,443970
/home/ntd/Train-OCR/dataset/train/6204_99ad619b29f34e2e9f9004ba0afff2e7.jpg,6204
/home/ntd/Train-OCR/dataset/train/443970_db176dbe1dde4fa3a674c4c11a200102.jpg,443970
/home/ntd/Train-OCR/dataset/train/0301_f45b760d22ba4036b571f96432211a23.jpg,0301
/home/ntd/Train-OCR/dataset/train/443970_37e2434c28a14441a46fdd1d03f1ee28.jpg,443970
/home/ntd/Train-OCR/dataset/train/0303_72ff7592c96a4e81b03e71824178f0cf.jpg,0303
/home/ntd/Train-OCR/dataset/train/443970_ece9cd8f316542f295f5d3fb18a0fa15.jpg,443970
/home/ntd/Train-OCR/dataset/train/2202_1ca2ab41bf47490f9b07c52a1ba5482e.jpg,2202
/home/ntd/Train-OCR/dataset/train/443970_c0bf07a4138841008b43dc513ec511a2.jpg,443970
/home/ntd/Train-OCR/dataset/train/4204_55e42567065f414eaeb90612da61f769.jpg,4204
/home/ntd/Train-OCR/dataset/train/443970_9821079d80874fe292c1589b5c392ffc.jpg,443970
/home/ntd/Train-OCR/dataset/train/2204_292b2b59d54f4d8e8135ddbf018344d2.jpg,2204
/home/ntd/Train-OCR/dataset/train/443970_3f71267a896b414aaecf545eb89bd9bc.jpg,443970
/home/ntd/Train-OCR/dataset/train/2101_43cb30a5c7cd4d3e86a6ff279d00b06d.jpg,2101
/home/ntd/Train-OCR/dataset/train/443970_13881bd2c6924edfb544e8e5d49a5b07.jpg,443970
/home/ntd/Train-OCR/dataset/train/443970_b0a82c191e424bfd8de6221ebc7016e3.jpg,443970
/home/ntd/Train-OCR/dataset/train/0201_c505cc827cc04ba1b669b2f96faf98c2.jpg,0201
/home/ntd/Train-OCR/dataset/train/443970_1ab9c4ed81b64d579d16c894cff2c469.jpg,443970
/home/ntd/Train-OCR/dataset/train/2103_19f55a8eb8844b8c8eb1decec6805f42.jpg,2103
/home/ntd/Train-OCR/dataset/train/0203_d34bfcb9d9144198bab2cc9f63bfac29.jpg,0203
/home/ntd/Train-OCR/dataset/train/443970_52e76a9011cb44b88c4fa941c7704aa6.jpg,443970
/home/ntd/Train-OCR/dataset/train/0205_4b2dedf6fad4420a89c430707389d956.jpg,0205
/home/ntd/Train-OCR/dataset/train/443970_36403e0d739740d3a6a5522c9d5261df.jpg,443970
/home/ntd/Train-OCR/dataset/train/443970_f1309fc038ef46018089368b84602117.jpg,443970
/home/ntd/Train-OCR/dataset/train/0102_40d84231721d4e7889ecc3c3ea5eb333.jpg,0102
/home/ntd/Train-OCR/dataset/train/4102_ef38622f3c4347d294b62e9727af58d7.jpg,4102
/home/ntd/Train-OCR/dataset/train/443970_51d3d28c6b494d008074752eba9df556.jpg,443970
/home/ntd/Train-OCR/dataset/train/0105_0eeae625b1a844a399c805f866f3081b.jpg,0105
/home/ntd/Train-OCR/dataset/train/443970_39f1bf5aaa224f85975eef9760f3fe15.jpg,443970
/home/ntd/Train-OCR/dataset/train/4105_e112d5a16d494f3e83d2ca27639aeae9.jpg,4105
/home/ntd/Train-OCR/dataset/train/443970_b548aae548724ff4b2110374a5a1ed89.jpg,443970
/home/ntd/Train-OCR/dataset/train/6101_cad7838610fa40d3b50c6c6a11778b5e.jpg,6101
/home/ntd/Train-OCR/dataset/train/443970_1547ec32c9004aa8b978275e38685c24.jpg,443970
/home/ntd/Train-OCR/dataset/train/6103_338a3f1cd93445b282f8168091a296c2.jpg,6103
/home/ntd/Train-OCR/dataset/train/443970_ea45cb9e7ff14a3abac8ced6bae656cc.jpg,443970
/home/ntd/Train-OCR/dataset/train/6105_eab3f068fc134bf3925972d460549d98.jpg,6105
/home/ntd/Train-OCR/dataset/train/443970_c8af0cfe94dc4cf3b6cfccf58cd08d63.jpg,443970
/home/ntd/Train-OCR/dataset/train/2302_42dbb44d6b8f4a8cb9cd0d2f5dac15f7.jpg,2302
/home/ntd/Train-OCR/dataset/train/443960_e5e5a4aa174942668ae5cbf6627b17b6.jpg,443960
/home/ntd/Train-OCR/dataset/train/6302_e446fd7653f14b3191ffea876c30f49f.jpg,6302
/home/ntd/Train-OCR/dataset/train/443960_95b34f2eb11d46a5a326f06f3a93fc72.jpg,443960
/home/ntd/Train-OCR/dataset/train/2304_d07587c4b7d94912aea689d66db9fc73.jpg,2304
/home/ntd/Train-OCR/dataset/train/443960_7cf0023e47534e628f7480cda5a70714.jpg,443960
/home/ntd/Train-OCR/dataset/train/2201_ce194df18f6445b4aea569cff7e6bfa7.jpg,2201
/home/ntd/Train-OCR/dataset/train/443960_5eb49fd2d6434d55a4fdbad36a4c9668.jpg,443960
/home/ntd/Train-OCR/dataset/train/4301_18667ad603664dd491271603e40e62a2.jpg,4301